<?xml version="1.0" encoding="utf-8"?>
<!--/1214021/750264/2.50/3/4/Connector/-->
<quadcept_library>
  <setting unit="mil" />
  <textstyle name="Default" height="47.244094488189" strokewidth="7.8740157480315" charwidth="47.244094488189" />
  <textstyle name="Dimension" height="19.6850393700787" strokewidth="0" charwidth="19.6850393700787" />
  <textstyle name="H127W0635TH00762" height="50" strokewidth="3" charwidth="25" />
  <textstyle name="H15W15TH02" height="59.0551181102362" strokewidth="7.8740157480315" charwidth="59.0551181102362" />
  <padstyle name="c195_h130" surface="False" plated="True" isvia="False" nopaste="True" nomask="True" complex="False" holesize="51.181102362204">
    <padshape layer="TOP" shape="round" width="76.771653543306" height="76.771653543306" />
    <padshape layer="TOP_SOLDER_MASK" shape="round" width="84.645669291338" height="84.645669291338" />
    <padshape layer="INNER" shape="round" width="76.771653543306" height="76.771653543306" />
    <padshape layer="BOTTOM" shape="round" width="76.771653543306" height="76.771653543306" />
    <padshape layer="BOTTOM_SOLDER_MASK" shape="round" width="84.645669291338" height="84.645669291338" />
  </padstyle>
  <footprint name="OSTVN03A150" originx="0" originy="0" pickpointx="0" pickpointy="0">
    <pcbpin number="1" name="1" style="c195_h130" originx="0" originy="0" rotation="90" />
    <pcbpin number="2" name="2" style="c195_h130" originx="99.999999999999" originy="0" rotation="90" />
    <pcbpin number="3" name="3" style="c195_h130" originx="200" originy="0" rotation="90" />
    <line layer="TOP_ASSEMBLY" originx="-57.874015748031" originy="127.95275590551" endx="257.87401574803" endy="127.95275590551" width="7.8740157480314" />
    <line layer="TOP_ASSEMBLY" originx="257.87401574803" originy="127.95275590551" endx="257.87401574803" endy="-127.95275590551" width="7.8740157480314" />
    <line layer="TOP_ASSEMBLY" originx="257.87401574803" originy="-127.95275590551" endx="-57.874015748031" endy="-127.95275590551" width="7.8740157480314" />
    <line layer="TOP_ASSEMBLY" originx="-57.874015748031" originy="-127.95275590551" endx="-57.874015748031" endy="127.95275590551" width="7.8740157480314" />
    <line layer="TOP_SILKSCREEN" originx="-57.874015748031" originy="127.95275590551" endx="257.87401574803" endy="127.95275590551" width="3.9370078740157" />
    <line layer="TOP_SILKSCREEN" originx="257.87401574803" originy="127.95275590551" endx="257.87401574803" endy="-127.95275590551" width="3.9370078740157" />
    <line layer="TOP_SILKSCREEN" originx="257.87401574803" originy="-127.95275590551" endx="-57.874015748031" endy="-127.95275590551" width="3.9370078740157" />
    <line layer="TOP_SILKSCREEN" originx="-57.874015748031" originy="-127.95275590551" endx="-57.874015748031" endy="127.95275590551" width="3.9370078740157" />
    <line layer="TOP_PLACE_BOUND" originx="-97.244094488188" originy="167.32283464567" endx="297.24409448819" endy="167.32283464567" width="3.9370078740157" />
    <line layer="TOP_PLACE_BOUND" originx="297.24409448819" originy="167.32283464567" endx="297.24409448819" endy="-167.32283464567" width="3.9370078740157" />
    <line layer="TOP_PLACE_BOUND" originx="297.24409448819" originy="-167.32283464567" endx="-97.244094488188" endy="-167.32283464567" width="3.9370078740157" />
    <line layer="TOP_PLACE_BOUND" originx="-97.244094488188" originy="-167.32283464567" endx="-97.244094488188" endy="167.32283464567" width="3.9370078740157" />
  </footprint>
  <symbol name="OSTVN03A150" originx="0" originy="0">
    <line originx="200" originy="100" endx="600" endy="100" width="0" />
    <line originx="600" originy="-300" endx="600" endy="100" width="0" />
    <line originx="600" originy="-300" endx="200" endy="-300" width="0" />
    <line originx="200" originy="100" endx="200" endy="-300" width="0" />
    <sympin number="1" originx="200" originy="0" rotation="180" length="100" width="7.8740157480315" flipped="False">
      <text name="pinname" originx="230" originy="0" style="Default" rotation="0" justify="left" flipped="False" hidden="False" data="1" />
      <text name="pindes" originx="140" originy="20" style="Default" rotation="0" justify="lowerright" flipped="False" hidden="False" data="1" />
    </sympin>
    <sympin number="2" originx="200" originy="-100" rotation="180" length="100" width="7.8740157480315" flipped="False">
      <text name="pinname" originx="230" originy="-100" style="Default" rotation="0" justify="left" flipped="False" hidden="False" data="2" />
      <text name="pindes" originx="140" originy="-80" style="Default" rotation="0" justify="lowerright" flipped="False" hidden="False" data="2" />
    </sympin>
    <sympin number="3" originx="200" originy="-200" rotation="180" length="100" width="7.8740157480315" flipped="False">
      <text name="pinname" originx="230" originy="-200" style="Default" rotation="0" justify="left" flipped="False" hidden="False" data="3" />
      <text name="pindes" originx="140" originy="-180" style="Default" rotation="0" justify="lowerright" flipped="False" hidden="False" data="3" />
    </sympin>
  </symbol>
  <component name="OSTVN03A150" designatorprefix="J" height="346.45669291338" footprint="OSTVN03A150">
    <comppin designator="1" sympin="1" pinswap="0" gateswap="0" gate="1" group="1" side="" type="Any" name="1" />
    <comppin designator="2" sympin="2" pinswap="0" gateswap="0" gate="1" group="1" side="" type="Any" name="2" />
    <comppin designator="3" sympin="3" pinswap="0" gateswap="0" gate="1" group="1" side="" type="Any" name="3" />
    <attached_symbol gate="1" name="OSTVN03A150" />
    <pinmap designator="1" footprintpin="1" />
    <pinmap designator="2" footprintpin="2" />
    <pinmap designator="3" footprintpin="3" />
    <text name="Datasheet" originx="0" originy="0" style="Default" rotation="0" justify="" flipped="False" hidden="True" data="https://www.arrow.com/en/products/ostvn03a150/on-shore-technology?region=nac" />
    <text name="Description" originx="0" originy="0" style="Default" rotation="0" justify="" flipped="False" hidden="True" data="OSTVN03A150" />
    <text name="Arrow Part Number" originx="0" originy="0" style="Default" rotation="0" justify="" flipped="False" hidden="True" data="OSTVN03A150" />
    <text name="Arrow Price/Stock" originx="0" originy="0" style="Default" rotation="0" justify="" flipped="False" hidden="True" data="https://www.arrow.com/en/products/ostvn03a150/on-shore-technology?region=nac" />
    <text name="Manufacturer_Name" originx="0" originy="0" style="Default" rotation="0" justify="" flipped="False" hidden="True" data="On Shore Technology Inc." />
    <text name="Manufacturer_Part_Number" originx="650" originy="200" style="Default" rotation="0" justify="left" flipped="False" hidden="False" data="OSTVN03A150" />
  </component>
</quadcept_library>
