<?xml version="1.0" encoding="UTF-8"?>
<export version="D">
  <design>
    <source>D:\Documents\pPSI\rev2.sch</source>
    <date>10/11/2022 11:27:15 PM</date>
    <tool>Eeschema (5.1.10)-1</tool>
    <sheet number="1" name="/" tstamps="/">
      <title_block>
        <title/>
        <company/>
        <rev/>
        <date/>
        <source>rev2.sch</source>
        <comment number="1" value=""/>
        <comment number="2" value=""/>
        <comment number="3" value=""/>
        <comment number="4" value=""/>
      </title_block>
    </sheet>
  </design>
  <components>
    <comp ref="TENS_SHIFTREG1">
      <value>74595N</value>
      <footprint>rev2:DIL16</footprint>
      <libsource lib="rev2-eagle-import" part="74595N" description=""/>
      <sheetpath names="/" tstamps="/"/>
      <tstamp>1405E1B7</tstamp>
    </comp>
    <comp ref="TENS_7SEG1">
      <value>SC10-21SRWA</value>
      <footprint>rev2:DIPS3040W50P254L2400H1050Q10N</footprint>
      <libsource lib="rev2-eagle-import" part="SC10-21SRWA" description=""/>
      <sheetpath names="/" tstamps="/"/>
      <tstamp>C297C1E6</tstamp>
    </comp>
    <comp ref="ONES_SHIFTREG1">
      <value>74595N</value>
      <footprint>rev2:DIL16</footprint>
      <libsource lib="rev2-eagle-import" part="74595N" description=""/>
      <sheetpath names="/" tstamps="/"/>
      <tstamp>538F1B95</tstamp>
    </comp>
    <comp ref="ONES_7SEG1">
      <value>SC10-21SRWA</value>
      <footprint>rev2:DIPS3040W50P254L2400H1050Q10N</footprint>
      <libsource lib="rev2-eagle-import" part="SC10-21SRWA" description=""/>
      <sheetpath names="/" tstamps="/"/>
      <tstamp>C7F2CE68</tstamp>
    </comp>
    <comp ref="POWER2">
      <value>PINHD-1X2</value>
      <footprint>rev2:1X02</footprint>
      <libsource lib="rev2-eagle-import" part="PINHD-1X2" description=""/>
      <sheetpath names="/" tstamps="/"/>
      <tstamp>6E423F66</tstamp>
    </comp>
    <comp ref="328P1">
      <value>ATMEGA328P</value>
      <footprint>rev2:DIL28-3</footprint>
      <libsource lib="rev2-eagle-import" part="ATMEGA328P" description=""/>
      <sheetpath names="/" tstamps="/"/>
      <tstamp>ED21C432</tstamp>
    </comp>
    <comp ref="CLOCK1">
      <value>CLOCK</value>
      <footprint>rev2:QS</footprint>
      <libsource lib="rev2-eagle-import" part="XTAL_S" description=""/>
      <sheetpath names="/" tstamps="/"/>
      <tstamp>F6195FD5</tstamp>
    </comp>
    <comp ref="C1">
      <value>0.1uF</value>
      <footprint>rev2:CAP-PTH-SMALL-KIT</footprint>
      <libsource lib="rev2-eagle-import" part="0.1UF-KIT-EZ-50V-20%" description=""/>
      <sheetpath names="/" tstamps="/"/>
      <tstamp>AC59532D</tstamp>
    </comp>
    <comp ref="C2">
      <value>0.1uF</value>
      <footprint>rev2:CAP-PTH-SMALL-KIT</footprint>
      <libsource lib="rev2-eagle-import" part="0.1UF-KIT-EZ-50V-20%" description=""/>
      <sheetpath names="/" tstamps="/"/>
      <tstamp>C8DDE19D</tstamp>
    </comp>
    <comp ref="BUTTONS_HEADER1">
      <value>MA10-1</value>
      <footprint>rev2:MA10-1</footprint>
      <libsource lib="rev2-eagle-import" part="MA10-1" description=""/>
      <sheetpath names="/" tstamps="/"/>
      <tstamp>1FCB83CC</tstamp>
    </comp>
    <comp ref="C3">
      <value>0.1uF</value>
      <footprint>rev2:CAP-PTH-SMALL-KIT</footprint>
      <libsource lib="rev2-eagle-import" part="0.1UF-KIT-EZ-50V-20%" description=""/>
      <sheetpath names="/" tstamps="/"/>
      <tstamp>88676885</tstamp>
    </comp>
    <comp ref="C4">
      <value>0.1uF</value>
      <footprint>rev2:CAP-PTH-SMALL-KIT</footprint>
      <libsource lib="rev2-eagle-import" part="0.1UF-KIT-EZ-50V-20%" description=""/>
      <sheetpath names="/" tstamps="/"/>
      <tstamp>03F6E73E</tstamp>
    </comp>
    <comp ref="POWER1">
      <value>PINHD-1X2</value>
      <footprint>rev2:1X02</footprint>
      <libsource lib="rev2-eagle-import" part="PINHD-1X2" description=""/>
      <sheetpath names="/" tstamps="/"/>
      <tstamp>2E6F5363</tstamp>
    </comp>
    <comp ref="C9">
      <value>0.1uF</value>
      <footprint>rev2:CAP-PTH-SMALL-KIT</footprint>
      <libsource lib="rev2-eagle-import" part="0.1UF-KIT-EZ-50V-20%" description=""/>
      <sheetpath names="/" tstamps="/"/>
      <tstamp>F5E906B6</tstamp>
    </comp>
    <comp ref="C10">
      <value>0.1uF</value>
      <footprint>rev2:CAP-PTH-SMALL-KIT</footprint>
      <libsource lib="rev2-eagle-import" part="0.1UF-KIT-EZ-50V-20%" description=""/>
      <sheetpath names="/" tstamps="/"/>
      <tstamp>6EEB2871</tstamp>
    </comp>
    <comp ref="R4">
      <value>1k</value>
      <footprint>rev2:AXIAL-0.3</footprint>
      <libsource lib="rev2-eagle-import" part="1KOHM-HORIZ-1_4W-1%" description=""/>
      <sheetpath names="/" tstamps="/"/>
      <tstamp>330872C6</tstamp>
    </comp>
    <comp ref="R5">
      <value>1k</value>
      <footprint>rev2:AXIAL-0.3</footprint>
      <libsource lib="rev2-eagle-import" part="1KOHM-HORIZ-1_4W-1%" description=""/>
      <sheetpath names="/" tstamps="/"/>
      <tstamp>4373A00B</tstamp>
    </comp>
    <comp ref="R3">
      <value>1k</value>
      <footprint>rev2:AXIAL-0.3</footprint>
      <libsource lib="rev2-eagle-import" part="1KOHM-HORIZ-1_4W-1%" description=""/>
      <sheetpath names="/" tstamps="/"/>
      <tstamp>299CF91A</tstamp>
    </comp>
    <comp ref="R1">
      <value>1k</value>
      <footprint>rev2:AXIAL-0.3</footprint>
      <libsource lib="rev2-eagle-import" part="1KOHM-HORIZ-1_4W-1%" description=""/>
      <sheetpath names="/" tstamps="/"/>
      <tstamp>DDF01354</tstamp>
    </comp>
    <comp ref="R2">
      <value>1k</value>
      <footprint>rev2:AXIAL-0.3</footprint>
      <libsource lib="rev2-eagle-import" part="1KOHM-HORIZ-1_4W-1%" description=""/>
      <sheetpath names="/" tstamps="/"/>
      <tstamp>0CC8F4E9</tstamp>
    </comp>
    <comp ref="ADC_BOARD1">
      <value>MA10-1</value>
      <footprint>rev2:MA10-1</footprint>
      <libsource lib="rev2-eagle-import" part="MA10-1" description=""/>
      <sheetpath names="/" tstamps="/"/>
      <tstamp>D0E1FFFB</tstamp>
    </comp>
    <comp ref="C6">
      <value>10uF</value>
      <footprint>rev2:CPOL-RADIAL-2.5MM-5MM</footprint>
      <libsource lib="rev2-eagle-import" part="10UF-POLAR-RADIAL-2.5MM-25V-20%" description=""/>
      <sheetpath names="/" tstamps="/"/>
      <tstamp>CFDC1CA0</tstamp>
    </comp>
    <comp ref="C11">
      <value>10uF</value>
      <footprint>rev2:CPOL-RADIAL-2.5MM-5MM</footprint>
      <libsource lib="rev2-eagle-import" part="10UF-POLAR-RADIAL-2.5MM-25V-20%" description=""/>
      <sheetpath names="/" tstamps="/"/>
      <tstamp>1F0AD0D9</tstamp>
    </comp>
    <comp ref="C12">
      <value>10uF</value>
      <footprint>rev2:CPOL-RADIAL-2.5MM-5MM</footprint>
      <libsource lib="rev2-eagle-import" part="10UF-POLAR-RADIAL-2.5MM-25V-20%" description=""/>
      <sheetpath names="/" tstamps="/"/>
      <tstamp>0AD37B5F</tstamp>
    </comp>
    <comp ref="H5">
      <value>STAND-OFFTIGHT</value>
      <footprint>rev2:STAND-OFF-TIGHT</footprint>
      <libsource lib="rev2-eagle-import" part="STAND-OFFTIGHT" description=""/>
      <sheetpath names="/" tstamps="/"/>
      <tstamp>573382F0</tstamp>
    </comp>
    <comp ref="H6">
      <value>STAND-OFFTIGHT</value>
      <footprint>rev2:STAND-OFF-TIGHT</footprint>
      <libsource lib="rev2-eagle-import" part="STAND-OFFTIGHT" description=""/>
      <sheetpath names="/" tstamps="/"/>
      <tstamp>C151A8BE</tstamp>
    </comp>
    <comp ref="H7">
      <value>STAND-OFFTIGHT</value>
      <footprint>rev2:STAND-OFF-TIGHT</footprint>
      <libsource lib="rev2-eagle-import" part="STAND-OFFTIGHT" description=""/>
      <sheetpath names="/" tstamps="/"/>
      <tstamp>41B43382</tstamp>
    </comp>
    <comp ref="H8">
      <value>STAND-OFFTIGHT</value>
      <footprint>rev2:STAND-OFF-TIGHT</footprint>
      <libsource lib="rev2-eagle-import" part="STAND-OFFTIGHT" description=""/>
      <sheetpath names="/" tstamps="/"/>
      <tstamp>E5B30D94</tstamp>
    </comp>
    <comp ref="NUETRAL2">
      <value>AC Header</value>
      <footprint>rev2:SHDR3W100P0X762_1X3_2286X1260X</footprint>
      <libsource lib="rev2-eagle-import" part="TB005-762-03BE" description=""/>
      <sheetpath names="/" tstamps="/"/>
      <tstamp>D99A0BB3</tstamp>
    </comp>
    <comp ref="NUETRAL1">
      <value>AC Header</value>
      <footprint>rev2:SHDR3W100P0X762_1X3_2286X1260X</footprint>
      <libsource lib="rev2-eagle-import" part="TB005-762-03BE" description=""/>
      <sheetpath names="/" tstamps="/"/>
      <tstamp>C3E76336</tstamp>
    </comp>
    <comp ref="LIVE2">
      <value>AC Header</value>
      <footprint>rev2:SHDR3W100P0X762_1X3_2286X1260X</footprint>
      <libsource lib="rev2-eagle-import" part="TB005-762-03BE" description=""/>
      <sheetpath names="/" tstamps="/"/>
      <tstamp>B665FDA9</tstamp>
    </comp>
    <comp ref="LIVE1">
      <value>AC Header</value>
      <footprint>rev2:SHDR3W100P0X762_1X3_2286X1260X</footprint>
      <libsource lib="rev2-eagle-import" part="TB005-762-03BE" description=""/>
      <sheetpath names="/" tstamps="/"/>
      <tstamp>A9463D68</tstamp>
    </comp>
    <comp ref="H1">
      <value>STAND-OFFTIGHT</value>
      <footprint>rev2:STAND-OFF-TIGHT</footprint>
      <libsource lib="rev2-eagle-import" part="STAND-OFFTIGHT" description=""/>
      <sheetpath names="/" tstamps="/"/>
      <tstamp>9910BFD8</tstamp>
    </comp>
    <comp ref="IN_RELAY1">
      <value>PINHD-1X3</value>
      <footprint>rev2:1X03</footprint>
      <libsource lib="rev2-eagle-import" part="PINHD-1X3" description=""/>
      <sheetpath names="/" tstamps="/"/>
      <tstamp>790077AD</tstamp>
    </comp>
    <comp ref="OUT_RELAY1">
      <value>PINHD-1X3</value>
      <footprint>rev2:1X03</footprint>
      <libsource lib="rev2-eagle-import" part="PINHD-1X3" description=""/>
      <sheetpath names="/" tstamps="/"/>
      <tstamp>6F574D5E</tstamp>
    </comp>
    <comp ref="SENSOR1">
      <value>PINHD-1X3</value>
      <footprint>rev2:1X03</footprint>
      <libsource lib="rev2-eagle-import" part="PINHD-1X3" description=""/>
      <sheetpath names="/" tstamps="/"/>
      <tstamp>733BCA72</tstamp>
    </comp>
    <comp ref="D2">
      <value>1N5908</value>
      <footprint>rev2:C4111-15</footprint>
      <libsource lib="rev2-eagle-import" part="1N5908" description=""/>
      <sheetpath names="/" tstamps="/"/>
      <tstamp>0CADE672</tstamp>
    </comp>
    <comp ref="D1">
      <value>1N5908</value>
      <footprint>rev2:C4111-15</footprint>
      <libsource lib="rev2-eagle-import" part="1N5908" description=""/>
      <sheetpath names="/" tstamps="/"/>
      <tstamp>C78C3FBD</tstamp>
    </comp>
    <comp ref="INLET1">
      <value>PINHD-1X3</value>
      <footprint>rev2:1X03</footprint>
      <libsource lib="rev2-eagle-import" part="PINHD-1X3" description=""/>
      <sheetpath names="/" tstamps="/"/>
      <tstamp>63418F39</tstamp>
    </comp>
    <comp ref="OUTLET1">
      <value>PINHD-1X3</value>
      <footprint>rev2:1X03</footprint>
      <libsource lib="rev2-eagle-import" part="PINHD-1X3" description=""/>
      <sheetpath names="/" tstamps="/"/>
      <tstamp>6341A3EA</tstamp>
    </comp>
    <comp ref="ADC1">
      <value>PINHD-1X3</value>
      <footprint>rev2:1X03</footprint>
      <libsource lib="rev2-eagle-import" part="PINHD-1X3" description=""/>
      <sheetpath names="/" tstamps="/"/>
      <tstamp>6341C9E8</tstamp>
    </comp>
  </components>
  <libparts>
    <libpart lib="rev2-eagle-import" part="0.1UF-KIT-EZ-50V-20%">
      <fields>
        <field name="Reference">C</field>
        <field name="Value">0.1UF-KIT-EZ-50V-20%</field>
      </fields>
      <pins>
        <pin num="1" name="1" type="passive"/>
        <pin num="2" name="2" type="passive"/>
      </pins>
    </libpart>
    <libpart lib="rev2-eagle-import" part="10UF-POLAR-RADIAL-2.5MM-25V-20%">
      <fields>
        <field name="Reference">C</field>
        <field name="Value">10UF-POLAR-RADIAL-2.5MM-25V-20%</field>
      </fields>
      <pins>
        <pin num="1" name="+" type="passive"/>
        <pin num="2" name="-" type="passive"/>
      </pins>
    </libpart>
    <libpart lib="rev2-eagle-import" part="1KOHM-HORIZ-1_4W-1%">
      <fields>
        <field name="Reference">R</field>
        <field name="Value">1KOHM-HORIZ-1_4W-1%</field>
      </fields>
      <pins>
        <pin num="P$1" name="1" type="passive"/>
        <pin num="P$2" name="2" type="passive"/>
      </pins>
    </libpart>
    <libpart lib="rev2-eagle-import" part="1N5908">
      <fields>
        <field name="Reference">D</field>
        <field name="Value">1N5908</field>
      </fields>
      <pins>
        <pin num="A" name="A" type="passive"/>
        <pin num="C" name="C" type="passive"/>
      </pins>
    </libpart>
    <libpart lib="rev2-eagle-import" part="74595N">
      <fields>
        <field name="Reference">IC</field>
        <field name="Value">74595N</field>
      </fields>
      <pins>
        <pin num="1" name="QB" type="3state"/>
        <pin num="2" name="QC" type="3state"/>
        <pin num="3" name="QD" type="3state"/>
        <pin num="4" name="QE" type="3state"/>
        <pin num="5" name="QF" type="3state"/>
        <pin num="6" name="QG" type="3state"/>
        <pin num="7" name="QH" type="3state"/>
        <pin num="8" name="GND" type="power_in"/>
        <pin num="9" name="QH*" type="3state"/>
        <pin num="10" name="SCL" type="input"/>
        <pin num="11" name="SCK" type="input"/>
        <pin num="12" name="RCK" type="input"/>
        <pin num="13" name="G" type="input"/>
        <pin num="14" name="SER" type="input"/>
        <pin num="15" name="QA" type="3state"/>
        <pin num="16" name="VCC" type="power_in"/>
      </pins>
    </libpart>
    <libpart lib="rev2-eagle-import" part="ATMEGA328P">
      <fields>
        <field name="Reference">IC</field>
        <field name="Value">ATMEGA328P</field>
      </fields>
      <pins>
        <pin num="1" name="PC6(/RESET/PCI14)" type="BiDi"/>
        <pin num="2" name="(PCI16/RXD)PD0" type="BiDi"/>
        <pin num="3" name="(PCI17/TXD)PD1" type="BiDi"/>
        <pin num="4" name="(PCI18/INT0)PD2" type="BiDi"/>
        <pin num="5" name="(PCI19/INT1/OC2B)PD3" type="BiDi"/>
        <pin num="6" name="(PCI20/XCK/T0)PD4" type="BiDi"/>
        <pin num="7" name="VCC" type="BiDi"/>
        <pin num="8" name="GND" type="BiDi"/>
        <pin num="9" name="PB6(XTAL1/TOSC1/PCI6)" type="BiDi"/>
        <pin num="10" name="PB7(XTAL2/TOSC2/PCI7)" type="BiDi"/>
        <pin num="11" name="(PCI21/T1/OC0B)PD5" type="BiDi"/>
        <pin num="12" name="(PCI22/AIN0OC0A)PD6" type="BiDi"/>
        <pin num="13" name="(PCI23/AIN1)PD7" type="BiDi"/>
        <pin num="14" name="(PCI0/ICP/CLKO)PB0" type="BiDi"/>
        <pin num="15" name="(PCI1/OC1A/OC1S)PB1" type="BiDi"/>
        <pin num="16" name="(PCI2/SS/OC1B)PB2" type="BiDi"/>
        <pin num="17" name="(PCI3/MOSI/OC2A)PB3" type="BiDi"/>
        <pin num="18" name="(PCI4/MISO)PB4" type="BiDi"/>
        <pin num="19" name="(PCI5/SCK)PB5" type="BiDi"/>
        <pin num="20" name="AVCC" type="BiDi"/>
        <pin num="21" name="AREF" type="BiDi"/>
        <pin num="22" name="AGND" type="BiDi"/>
        <pin num="23" name="(PCI8/ADC0)PC0" type="BiDi"/>
        <pin num="24" name="(PCI9/ADC1)PC1" type="BiDi"/>
        <pin num="25" name="(PCI10/ADC2)PC2" type="BiDi"/>
        <pin num="26" name="(PCI11/ADC3)PC3" type="BiDi"/>
        <pin num="27" name="(PCI12/ADC4/SDA)PC4" type="BiDi"/>
        <pin num="28" name="(PCI13/ADC5/SCL)PC5" type="BiDi"/>
      </pins>
    </libpart>
    <libpart lib="rev2-eagle-import" part="MA10-1">
      <fields>
        <field name="Reference">SV</field>
        <field name="Value">MA10-1</field>
      </fields>
      <pins>
        <pin num="1" name="1" type="passive"/>
        <pin num="2" name="2" type="passive"/>
        <pin num="3" name="3" type="passive"/>
        <pin num="4" name="4" type="passive"/>
        <pin num="5" name="5" type="passive"/>
        <pin num="6" name="6" type="passive"/>
        <pin num="7" name="7" type="passive"/>
        <pin num="8" name="8" type="passive"/>
        <pin num="9" name="9" type="passive"/>
        <pin num="10" name="10" type="passive"/>
      </pins>
    </libpart>
    <libpart lib="rev2-eagle-import" part="PINHD-1X2">
      <fields>
        <field name="Reference">JP</field>
        <field name="Value">PINHD-1X2</field>
      </fields>
      <pins>
        <pin num="1" name="1" type="passive"/>
        <pin num="2" name="2" type="passive"/>
      </pins>
    </libpart>
    <libpart lib="rev2-eagle-import" part="PINHD-1X3">
      <fields>
        <field name="Reference">JP</field>
        <field name="Value">PINHD-1X3</field>
      </fields>
      <pins>
        <pin num="1" name="1" type="passive"/>
        <pin num="2" name="2" type="passive"/>
        <pin num="3" name="3" type="passive"/>
      </pins>
    </libpart>
    <libpart lib="rev2-eagle-import" part="SC10-21SRWA">
      <fields>
        <field name="Reference">DS</field>
        <field name="Value">SC10-21SRWA</field>
      </fields>
      <pins>
        <pin num="1" name="1" type="BiDi"/>
        <pin num="2" name="2" type="BiDi"/>
        <pin num="3" name="3" type="BiDi"/>
        <pin num="4" name="4" type="BiDi"/>
        <pin num="5" name="5" type="BiDi"/>
        <pin num="6" name="6" type="BiDi"/>
        <pin num="7" name="7" type="BiDi"/>
        <pin num="8" name="8" type="BiDi"/>
        <pin num="9" name="9" type="BiDi"/>
        <pin num="10" name="10" type="BiDi"/>
      </pins>
    </libpart>
    <libpart lib="rev2-eagle-import" part="STAND-OFFTIGHT">
      <fields>
        <field name="Reference">H</field>
        <field name="Value">STAND-OFFTIGHT</field>
      </fields>
    </libpart>
    <libpart lib="rev2-eagle-import" part="TB005-762-03BE">
      <fields>
        <field name="Reference">J</field>
        <field name="Value">TB005-762-03BE</field>
      </fields>
      <pins>
        <pin num="1" name="1" type="BiDi"/>
        <pin num="2" name="2" type="BiDi"/>
        <pin num="3" name="3" type="BiDi"/>
      </pins>
    </libpart>
    <libpart lib="rev2-eagle-import" part="XTAL_S">
      <fields>
        <field name="Reference">Q</field>
        <field name="Value">XTAL_S</field>
      </fields>
      <pins>
        <pin num="1" name="1" type="passive"/>
        <pin num="2" name="2" type="passive"/>
      </pins>
    </libpart>
  </libparts>
  <libraries>
    <library logical="rev2-eagle-import">
      <uri>D:\Documents\pPSI/rev2-eagle-import.lib</uri>
    </library>
  </libraries>
  <nets>
    <net code="1" name="/O10">
      <node ref="ONES_7SEG1" pin="10"/>
      <node ref="ONES_SHIFTREG1" pin="6"/>
    </net>
    <net code="2" name="/O_DATA">
      <node ref="TENS_SHIFTREG1" pin="9"/>
      <node ref="ONES_SHIFTREG1" pin="14"/>
    </net>
    <net code="3" name="/O5">
      <node ref="ONES_7SEG1" pin="5"/>
      <node ref="ONES_SHIFTREG1" pin="7"/>
    </net>
    <net code="4" name="/T9">
      <node ref="TENS_SHIFTREG1" pin="5"/>
      <node ref="TENS_7SEG1" pin="9"/>
    </net>
    <net code="5" name="/T7">
      <node ref="TENS_SHIFTREG1" pin="15"/>
      <node ref="TENS_7SEG1" pin="7"/>
    </net>
    <net code="6" name="/T6">
      <node ref="TENS_7SEG1" pin="6"/>
      <node ref="TENS_SHIFTREG1" pin="1"/>
    </net>
    <net code="7" name="/T5">
      <node ref="TENS_7SEG1" pin="5"/>
      <node ref="TENS_SHIFTREG1" pin="7"/>
    </net>
    <net code="8" name="/T10">
      <node ref="TENS_SHIFTREG1" pin="6"/>
      <node ref="TENS_7SEG1" pin="10"/>
    </net>
    <net code="9" name="/OUTLET">
      <node ref="OUTLET1" pin="1"/>
      <node ref="OUT_RELAY1" pin="3"/>
      <node ref="328P1" pin="17"/>
    </net>
    <net code="10" name="Net-(328P1-Pad5)">
      <node ref="328P1" pin="5"/>
    </net>
    <net code="11" name="Net-(328P1-Pad4)">
      <node ref="328P1" pin="4"/>
    </net>
    <net code="12" name="Net-(328P1-Pad3)">
      <node ref="328P1" pin="3"/>
    </net>
    <net code="13" name="Net-(328P1-Pad28)">
      <node ref="328P1" pin="28"/>
    </net>
    <net code="14" name="Net-(328P1-Pad27)">
      <node ref="328P1" pin="27"/>
    </net>
    <net code="15" name="/LATCH">
      <node ref="TENS_SHIFTREG1" pin="12"/>
      <node ref="ONES_SHIFTREG1" pin="12"/>
      <node ref="328P1" pin="26"/>
    </net>
    <net code="16" name="/CLK">
      <node ref="TENS_SHIFTREG1" pin="11"/>
      <node ref="328P1" pin="25"/>
      <node ref="ONES_SHIFTREG1" pin="11"/>
    </net>
    <net code="17" name="/STOP">
      <node ref="328P1" pin="2"/>
      <node ref="BUTTONS_HEADER1" pin="7"/>
      <node ref="R4" pin="P$1"/>
    </net>
    <net code="18" name="Net-(328P1-Pad19)">
      <node ref="328P1" pin="19"/>
    </net>
    <net code="19" name="Net-(328P1-Pad18)">
      <node ref="328P1" pin="18"/>
    </net>
    <net code="20" name="/INLET">
      <node ref="INLET1" pin="1"/>
      <node ref="328P1" pin="16"/>
      <node ref="IN_RELAY1" pin="3"/>
    </net>
    <net code="21" name="/ADC">
      <node ref="328P1" pin="15"/>
      <node ref="SENSOR1" pin="3"/>
      <node ref="ADC1" pin="1"/>
    </net>
    <net code="22" name="/START">
      <node ref="328P1" pin="14"/>
      <node ref="BUTTONS_HEADER1" pin="1"/>
      <node ref="R1" pin="P$1"/>
    </net>
    <net code="23" name="/DOWN">
      <node ref="R2" pin="P$1"/>
      <node ref="BUTTONS_HEADER1" pin="3"/>
      <node ref="328P1" pin="13"/>
    </net>
    <net code="24" name="/UP">
      <node ref="BUTTONS_HEADER1" pin="5"/>
      <node ref="328P1" pin="12"/>
      <node ref="R3" pin="P$1"/>
    </net>
    <net code="25" name="Net-(328P1-Pad11)">
      <node ref="328P1" pin="11"/>
    </net>
    <net code="26" name="/O9">
      <node ref="ONES_7SEG1" pin="9"/>
      <node ref="ONES_SHIFTREG1" pin="5"/>
    </net>
    <net code="27" name="/O7">
      <node ref="ONES_SHIFTREG1" pin="15"/>
      <node ref="ONES_7SEG1" pin="7"/>
    </net>
    <net code="28" name="/O6">
      <node ref="ONES_SHIFTREG1" pin="1"/>
      <node ref="ONES_7SEG1" pin="6"/>
    </net>
    <net code="29" name="VCC">
      <node ref="R5" pin="P$2"/>
      <node ref="ONES_SHIFTREG1" pin="10"/>
      <node ref="POWER2" pin="2"/>
      <node ref="R4" pin="P$2"/>
      <node ref="328P1" pin="7"/>
      <node ref="C3" pin="2"/>
      <node ref="C4" pin="2"/>
      <node ref="R2" pin="P$2"/>
      <node ref="C12" pin="1"/>
      <node ref="C11" pin="1"/>
      <node ref="328P1" pin="20"/>
      <node ref="C6" pin="1"/>
      <node ref="R3" pin="P$2"/>
      <node ref="328P1" pin="21"/>
      <node ref="R1" pin="P$2"/>
      <node ref="D1" pin="C"/>
      <node ref="D2" pin="C"/>
      <node ref="TENS_SHIFTREG1" pin="10"/>
      <node ref="POWER1" pin="2"/>
      <node ref="C9" pin="1"/>
      <node ref="C10" pin="1"/>
      <node ref="TENS_SHIFTREG1" pin="16"/>
      <node ref="ONES_SHIFTREG1" pin="16"/>
    </net>
    <net code="30" name="/ADC+">
      <node ref="SENSOR1" pin="1"/>
      <node ref="ADC_BOARD1" pin="1"/>
    </net>
    <net code="31" name="/OSC2">
      <node ref="C2" pin="2"/>
      <node ref="328P1" pin="10"/>
      <node ref="CLOCK1" pin="2"/>
    </net>
    <net code="32" name="Net-(328P1-Pad6)">
      <node ref="328P1" pin="6"/>
    </net>
    <net code="33" name="/OUT+">
      <node ref="OUT_RELAY1" pin="1"/>
    </net>
    <net code="34" name="/IN+">
      <node ref="IN_RELAY1" pin="1"/>
    </net>
    <net code="35" name="GND">
      <node ref="C1" pin="1"/>
      <node ref="C4" pin="1"/>
      <node ref="C3" pin="1"/>
      <node ref="BUTTONS_HEADER1" pin="6"/>
      <node ref="BUTTONS_HEADER1" pin="4"/>
      <node ref="BUTTONS_HEADER1" pin="2"/>
      <node ref="BUTTONS_HEADER1" pin="10"/>
      <node ref="C2" pin="1"/>
      <node ref="POWER1" pin="1"/>
      <node ref="328P1" pin="8"/>
      <node ref="NUETRAL2" pin="3"/>
      <node ref="C12" pin="2"/>
      <node ref="C11" pin="2"/>
      <node ref="C6" pin="2"/>
      <node ref="ADC_BOARD1" pin="9"/>
      <node ref="ONES_7SEG1" pin="8"/>
      <node ref="POWER2" pin="1"/>
      <node ref="TENS_SHIFTREG1" pin="13"/>
      <node ref="TENS_SHIFTREG1" pin="8"/>
      <node ref="ONES_SHIFTREG1" pin="8"/>
      <node ref="BUTTONS_HEADER1" pin="8"/>
      <node ref="D1" pin="A"/>
      <node ref="D2" pin="A"/>
      <node ref="SENSOR1" pin="2"/>
      <node ref="OUT_RELAY1" pin="2"/>
      <node ref="IN_RELAY1" pin="2"/>
      <node ref="LIVE2" pin="3"/>
      <node ref="C10" pin="2"/>
      <node ref="C9" pin="2"/>
      <node ref="ONES_7SEG1" pin="3"/>
      <node ref="ONES_SHIFTREG1" pin="9"/>
      <node ref="ONES_SHIFTREG1" pin="13"/>
      <node ref="TENS_7SEG1" pin="8"/>
      <node ref="TENS_7SEG1" pin="3"/>
      <node ref="328P1" pin="22"/>
      <node ref="ADC_BOARD1" pin="8"/>
      <node ref="ADC_BOARD1" pin="5"/>
      <node ref="ADC_BOARD1" pin="2"/>
      <node ref="ADC_BOARD1" pin="10"/>
    </net>
    <net code="36" name="Net-(LIVE1-Pad1)">
      <node ref="LIVE2" pin="2"/>
      <node ref="LIVE1" pin="1"/>
      <node ref="LIVE1" pin="2"/>
      <node ref="LIVE2" pin="1"/>
      <node ref="LIVE1" pin="3"/>
    </net>
    <net code="37" name="Net-(OUTLET1-Pad3)">
      <node ref="OUTLET1" pin="3"/>
    </net>
    <net code="38" name="Net-(ADC1-Pad3)">
      <node ref="ADC1" pin="3"/>
    </net>
    <net code="39" name="Net-(ADC1-Pad2)">
      <node ref="ADC1" pin="2"/>
    </net>
    <net code="40" name="Net-(OUTLET1-Pad2)">
      <node ref="OUTLET1" pin="2"/>
    </net>
    <net code="41" name="Net-(INLET1-Pad3)">
      <node ref="INLET1" pin="3"/>
    </net>
    <net code="42" name="Net-(INLET1-Pad2)">
      <node ref="INLET1" pin="2"/>
    </net>
    <net code="45" name="/OSC1">
      <node ref="328P1" pin="9"/>
      <node ref="C1" pin="2"/>
      <node ref="CLOCK1" pin="1"/>
    </net>
    <net code="46" name="Net-(ADC_BOARD1-Pad6)">
      <node ref="ADC_BOARD1" pin="6"/>
    </net>
    <net code="47" name="Net-(NUETRAL1-Pad1)">
      <node ref="NUETRAL2" pin="1"/>
      <node ref="NUETRAL1" pin="1"/>
      <node ref="NUETRAL2" pin="2"/>
      <node ref="NUETRAL1" pin="3"/>
      <node ref="NUETRAL1" pin="2"/>
    </net>
    <net code="48" name="/O1">
      <node ref="ONES_7SEG1" pin="1"/>
      <node ref="ONES_SHIFTREG1" pin="4"/>
    </net>
    <net code="49" name="/O2">
      <node ref="ONES_SHIFTREG1" pin="3"/>
      <node ref="ONES_7SEG1" pin="2"/>
    </net>
    <net code="50" name="/T4">
      <node ref="TENS_7SEG1" pin="4"/>
      <node ref="TENS_SHIFTREG1" pin="2"/>
    </net>
    <net code="51" name="/T1">
      <node ref="TENS_SHIFTREG1" pin="4"/>
      <node ref="TENS_7SEG1" pin="1"/>
    </net>
    <net code="52" name="/T2">
      <node ref="TENS_SHIFTREG1" pin="3"/>
      <node ref="TENS_7SEG1" pin="2"/>
    </net>
    <net code="53" name="/O4">
      <node ref="ONES_7SEG1" pin="4"/>
      <node ref="ONES_SHIFTREG1" pin="2"/>
    </net>
    <net code="54" name="/RESET">
      <node ref="R5" pin="P$1"/>
      <node ref="BUTTONS_HEADER1" pin="9"/>
      <node ref="328P1" pin="1"/>
    </net>
    <net code="55" name="/SDA">
      <node ref="328P1" pin="24"/>
      <node ref="ADC_BOARD1" pin="4"/>
    </net>
    <net code="56" name="/A0">
      <node ref="ADC_BOARD1" pin="7"/>
    </net>
    <net code="57" name="/SCL">
      <node ref="328P1" pin="23"/>
      <node ref="ADC_BOARD1" pin="3"/>
    </net>
    <net code="58" name="/SER">
      <node ref="TENS_SHIFTREG1" pin="14"/>
    </net>
  </nets>
</export>
